id,X.featureID,id,molecularFormula,adduct,NPC#pathway,NPC#pathway Probability,NPC#superclass,NPC#superclass Probability,NPC#class,NPC#class Probability,ClassyFire#most specific class,ClassyFire#most specific class Probability,ClassyFire#level 5,ClassyFire#level 5 Probability,ClassyFire#subclass,ClassyFire#subclass Probability,ClassyFire#class,ClassyFire#class Probability,ClassyFire#superclass,ClassyFire#superclass probability,ClassyFire#all classifications
c206692859e125911de4d673a57615f1,4,4_zamia_20k_20220209_sirius_4,C12H22O11,[M + Na]+,Carbohydrates,0.995835304,Saccharides,0.99235338,Disaccharides,0.999998212,Disaccharides,0.808930218,Disaccharides,0.808930218,Carbohydrates and carbohydrate conjugates,0.999981642,Organooxygen compounds,1,Organic oxygen compounds,1,Organic compounds; Organoheterocyclic compounds; Carbohydrates and carbohydrate conjugates; Alcohols and polyols; Ethers; Primary alcohols; Organooxygen compounds; Disaccharides; Acetals; Secondary alcohols; Oxanes; Glycosyl compounds; O-glycosyl compounds; Polyols; Oxacyclic compounds; Hydrocarbon derivatives; Organic oxygen compounds; Chemical entities
c11b52ca89993d985bbeb8e01840ea69,14,14_zamia_20k_20220209_sirius_14,C14H14OS,[M + H]+,Polyketides,0.16379717,Fatty acyls,0.320233434,Phenanthrenes,0.352102637,Alkylarylthioethers,0.50993067,Alkylarylthioethers,0.50993067,Aryl thioethers,0.760232627,Thioethers,0.717628837,Organosulfur compounds,0.677812159,Organic compounds; Organoheterocyclic compounds; Organosulfur compounds; Phenols; Organooxygen compounds; Thioethers; Benzenoids; Alkylarylthioethers; Heteroaromatic compounds; Hydrocarbon derivatives; Organic oxygen compounds; Aryl thioethers; Chemical entities
9b54588f7b87827823f9a3fd6c03af92,28,28_zamia_20k_20220209_sirius_28,C13H12OS,[M + H]+,Shikimates and Phenylpropanoids,0.314173579,Fatty acyls,0.466363639,Phenanthrenes,0.219227165,Aryl thioethers,0.593276978,,,Aryl thioethers,0.593276978,Thioethers,0.648255825,Organosulfur compounds,0.308203012,Organic compounds; Organoheterocyclic compounds; Thiophenes; Phenols; Organooxygen compounds; Thioethers; Benzenoids; Heteroaromatic compounds; Hydrocarbon derivatives; Organic oxygen compounds; Aryl thioethers; 1-hydroxy-2-unsubstituted benzenoids; Chemical entities
21540772d5dfd64cf81992b164efd8ff,64,62_zamia_20k_20220209_sirius_64,C10H16N2O5,[M + H]+,Amino acids and Peptides,0.971311688,Small peptides,0.973482549,Dipeptides,0.923028648,Alpha amino acids and derivatives,0.948869824,Amino acids and derivatives,0.985268533,"Amino acids, peptides, and analogues",0.985368431,Carboxylic acids and derivatives,0.999940872,Organic acids and derivatives,0.999990344,"Organic compounds; Organoheterocyclic compounds; Lipids and lipid-like molecules; Amino acids, peptides, and analogues; Alpha amino acids and derivatives; Lactams; Fatty acids and conjugates; Organic acids and derivatives; Carboxylic acids and derivatives; Organonitrogen compounds; Organooxygen compounds; Fatty amides; Branched fatty acids; Dicarboxylic acids and derivatives; Amino acids and derivatives; Monoalkylamines; Carboxylic acid amides; Carboxylic acid derivatives; Monocarboxylic acids and derivatives; Carboxylic acids; Secondary carboxylic acid amides; Carbonyl compounds; Heterocyclic fatty acids; Amines; Primary amines; Fatty Acyls; Organic oxides; Azacyclic compounds; Hydrocarbon derivatives; Amino acids; Organopnictogen compounds; Organic oxygen compounds; Organic nitrogen compounds; Chemical entities"
ee66709c5db9e5a509ef659c2e34c763,71,68_zamia_20k_20220209_sirius_71,C13H22O3,[M + Na]+,Fatty acids,0.80781579,Aromatic polyketides,0.601113379,Simple aromatic polyketides,0.573800266,Fatty Acyls,0.533344924,,,,,Fatty Acyls,0.533344924,Lipids and lipid-like molecules,0.434191257,Organic compounds; Alcohols and polyols; Primary alcohols; Organooxygen compounds; Monocarboxylic acids and derivatives; Carboxylic acids; Carbonyl compounds; Fatty Acyls; Organic oxides; Hydrocarbon derivatives; Organic oxygen compounds; Chemical entities
b107ff685306bff4c6994abc62d295c0,141,133_zamia_20k_20220209_sirius_141,C17H30N3O8,[M + Na]+,Amino acids and Peptides,0.482627481,Small peptides,0.410450727,Dipeptides,0.273412287,Alpha amino acids and derivatives,0.777353764,Amino acids and derivatives,0.721635103,"Amino acids, peptides, and analogues",0.721359432,Carboxylic acids and derivatives,0.799675405,Organic acids and derivatives,0.9388991,"Organic compounds; Organoheterocyclic compounds; Carbohydrates and carbohydrate conjugates; Lipids and lipid-like molecules; Amino acids, peptides, and analogues; Alpha amino acids and derivatives; Alcohols and polyols; Organic acids and derivatives; Carboxylic acids and derivatives; Organonitrogen compounds; Primary alcohols; Organooxygen compounds; Amino acids and derivatives; Organic carbonic acids and derivatives; Carboxylic acid derivatives; Monosaccharides; Secondary alcohols; Carbonyl compounds; Glycosyl compounds; Amines; Alkanolamines; Fatty Acyls; Organic oxides; Azacyclic compounds; Hydrocarbon derivatives; Organopnictogen compounds; Organic oxygen compounds; Organic nitrogen compounds; Chemical entities"
603eae9e26b08c53889dbc4fd720c259,145,137_zamia_20k_20220209_sirius_145,C17H32N4O6,[M + K]+,Alkaloids,0.31635502,Nucleosides,0.278171986,Pyrimidine nucleos(t)ides,0.125576019,Alpha amino acids and derivatives,0.88686955,Amino acids and derivatives,0.893847704,"Amino acids, peptides, and analogues",0.883097172,Carboxylic acids and derivatives,0.871958494,Organic acids and derivatives,0.960823178,"Organic compounds; Organoheterocyclic compounds; Carbohydrates and carbohydrate conjugates; Amino acids, peptides, and analogues; Alpha amino acids and derivatives; Alcohols and polyols; Organic acids and derivatives; Carboxylic acids and derivatives; Organonitrogen compounds; Primary alcohols; Organooxygen compounds; Amino acids and derivatives; Monoalkylamines; Carboxylic acid amides; Carboxylic acid derivatives; Carboxylic acid esters; Monosaccharides; Acetals; Secondary carboxylic acid amides; Carbonyl compounds; Amines; Primary amines; Organic oxides; Oxacyclic compounds; Hydrocarbon derivatives; Organopnictogen compounds; Organic oxygen compounds; Organic nitrogen compounds; Chemical entities"
c35c9b781054355173a3af3a81d3389c,168,157_zamia_20k_20220209_sirius_168,C8H8O2,[M + H]+,Shikimates and Phenylpropanoids,0.733527184,Phenylpropanoids (C6-C3),0.772804499,Cinnamic acids and derivatives,0.782280385,Cinnamic acids,0.927870512,,,Cinnamic acids,0.927870512,Cinnamic acids and derivatives,0.594411373,Phenylpropanoids and polyketides,0.302330375,Organic compounds; Styrenes; Phenols; Organic acids and derivatives; Organooxygen compounds; Cinnamic acids and derivatives; Monocarboxylic acids and derivatives; Carbonyl compounds; Benzene and substituted derivatives; Benzenoids; Cinnamic acids; Organic oxides; Hydrocarbon derivatives; Organic oxygen compounds; 1-hydroxy-2-unsubstituted benzenoids; Chemical entities
6abec400b91bf772f9e949198613d27e,170,zamia_20k_20220209_sirius_170,missing,missing,unclassified,missing,unclassified,missing,unclassified,missing,unclassified,missing,unclassified,missing,unclassified,missing,unclassified,missing,unclassified,missing,unclassified
34ee4ddf67676038cf5c303684f9e6b7,190,175_zamia_20k_20220209_sirius_190,C32H22O10,[M + H]+,Shikimates and Phenylpropanoids,0.999591053,Flavonoids,0.999772012,Flavones,0.999927998,4'-O-methylated flavonoids,0.574899912,4'-O-methylated flavonoids,0.574899912,O-methylated flavonoids,0.987031639,Flavonoids,0.999605954,Phenylpropanoids and polyketides,0.999394655,Organic compounds; Organoheterocyclic compounds; Pyrans; Benzopyrans; Alkyl aryl ethers; Phenols; Anisoles; Chromones; Ethers; Phenylpropanoids and polyketides; Organic acids and derivatives; Organooxygen compounds; Flavonoids; Pyranones and derivatives; Flavones; Benzene and substituted derivatives; Phenol ethers; Benzenoids; Diarylethers; O-methylated flavonoids; 4'-O-methylated flavonoids; 4'-hydroxyflavonoids; Hydroxyflavonoids; 5-hydroxyflavonoids; 7-hydroxyflavonoids; 1-benzopyrans; Vinylogous acids; Organic oxides; Oxacyclic compounds; Heteroaromatic compounds; Hydrocarbon derivatives; Organic oxygen compounds; 1-hydroxy-2-unsubstituted benzenoids; 1-hydroxy-4-unsubstituted benzenoids; Phenoxy compounds; Chemical entities
6280dabda5e219dd38586ecfe9197830,195,178_zamia_20k_20220209_sirius_195,C29H34O13,[M + H]+,Shikimates and Phenylpropanoids,0.4537642,Monoterpenoids,0.325978458,Secoiridoid monoterpenoids,0.160625055,Flavonoids,0.506673396,,,,,Flavonoids,0.506673396,Phenylpropanoids and polyketides,0.763642311,Organic compounds; Organoheterocyclic compounds; Carbohydrates and carbohydrate conjugates; Lipids and lipid-like molecules; Alkyl aryl ethers; Alcohols and polyols; Phenols; Ethers; Phenylpropanoids and polyketides; Organic acids and derivatives; Carboxylic acids and derivatives; Primary alcohols; Organooxygen compounds; Flavonoids; Carboxylic acid derivatives; Carboxylic acid esters; Hexoses; Monosaccharides; Acetals; Secondary alcohols; Carbonyl compounds; Oxanes; Glycosyl compounds; O-glycosyl compounds; Benzene and substituted derivatives; Polyols; Phenol ethers; Benzenoids; Organic oxides; Oxacyclic compounds; Hydrocarbon derivatives; Phenolic glycosides; Organic oxygen compounds; 1-hydroxy-2-unsubstituted benzenoids; Phenoxy compounds; Chemical entities
8d4bb0912fce22aa372a401bbba32c06,224,206_zamia_20k_20220209_sirius_224,C32H55N5O4,[M + H]+,Alkaloids,0.075357482,Pseudoalkaloids,0.044255611,Steroidal alkaloids,0.037713777,Alpha amino acids and derivatives,0.55405581,Amino acids and derivatives,0.890415192,"Amino acids, peptides, and analogues",0.895590067,Carboxylic acids and derivatives,0.951922536,Organic acids and derivatives,0.983990669,"Organic compounds; Amino acids, peptides, and analogues; Alpha amino acids and derivatives; Organic acids and derivatives; Carboxylic acids and derivatives; Organonitrogen compounds; Organooxygen compounds; Amino acids and derivatives; Carboxylic acid amides; Carboxylic acid derivatives; Primary carboxylic acid amides; Carbonyl compounds; Benzene and substituted derivatives; Benzenoids; Amines; Organic oxides; Azacyclic compounds; Hydrocarbon derivatives; Organopnictogen compounds; Organic oxygen compounds; Organic nitrogen compounds; Chemical entities"
d74fc4abfc3da3891894a850aee34f32,430,411_zamia_20k_20220209_sirius_430,C19H36O3,[M + H]+,Fatty acids,0.992530406,Fatty acyls,0.421021581,Monoacylglycerols,0.314812154,Fatty acid esters,0.79176861,,,Fatty acid esters,0.79176861,Fatty Acyls,0.85481751,Lipids and lipid-like molecules,0.940351188,Organic compounds; Organoheterocyclic compounds; Lipids and lipid-like molecules; Alcohols and polyols; Epoxides; Organic acids and derivatives; Carboxylic acids and derivatives; Organooxygen compounds; Fatty acid esters; Carboxylic acid derivatives; Monocarboxylic acids and derivatives; Carboxylic acid esters; Carbonyl compounds; Fatty Acyls; Organic oxides; Oxacyclic compounds; Hydrocarbon derivatives; Organic oxygen compounds; Chemical entities
5ce07913dc7a72b3484f0e05559b5d93,568,547_zamia_20k_20220209_sirius_568,C29H48O2,[M + H]+,Terpenoids,0.999649405,Meroterpenoids,0.999570906,Prenyl quinone meroterpenoids,1,Tocopherols,0.659431517,Vitamin E compounds,0.999988437,Quinone and hydroquinone lipids,0.999898911,Prenol lipids,0.999255359,Lipids and lipid-like molecules,0.998218834,Organic compounds; Organoheterocyclic compounds; Lipids and lipid-like molecules; Benzopyrans; Alkyl aryl ethers; Tocopherols; Ethers; Prenol lipids; Organooxygen compounds; Quinone and hydroquinone lipids; Vitamin E compounds; Diterpenoids; Carbonyl compounds; Benzenoids; 1-benzopyrans; Oxacyclic compounds; Hydrocarbon derivatives; Organic oxygen compounds; Chemical entities
f8ffa642174ea8c97cd97bcb9a705eb3,645,zamia_20k_20220209_sirius_645,missing,missing,unclassified,missing,unclassified,missing,unclassified,missing,unclassified,missing,unclassified,missing,unclassified,missing,unclassified,missing,unclassified,missing,unclassified
2ee27b169da0775a601867d11c09d9d0,711,688_zamia_20k_20220209_sirius_711,C30H24O12,[M + H]+,Shikimates and Phenylpropanoids,0.996863365,Flavonoids,0.997857392,Proanthocyanins,0.974587083,Biflavonoids and polyflavonoids,0.852405846,,,Biflavonoids and polyflavonoids,0.852405846,Flavonoids,0.999938011,Phenylpropanoids and polyketides,0.999597132,Organic compounds; Organoheterocyclic compounds; Benzopyrans; Alkyl aryl ethers; Alcohols and polyols; Phenols; Catechols; Tannins; Ethers; Phenylpropanoids and polyketides; Organooxygen compounds; Flavonoids; Flavans; Proanthocyanidins; Benzenediols; Catechins; Biflavonoids and polyflavonoids; Secondary alcohols; Benzene and substituted derivatives; Polyols; Benzenoids; 3-hydroxyflavonoids; 3'-hydroxyflavonoids; 4'-hydroxyflavonoids; Hydroxyflavonoids; 5-hydroxyflavonoids; 7-hydroxyflavonoids; Flavan-3-ols; 1-benzopyrans; Pyranoflavonoids; Pyranochromenes; Oxacyclic compounds; Hydrocarbon derivatives; Ketals; Organic oxygen compounds; 1-hydroxy-2-unsubstituted benzenoids; 1-hydroxy-4-unsubstituted benzenoids; Chemical entities
c3c159eae14827461b409534069d43cc,764,zamia_20k_20220209_sirius_764,missing,missing,unclassified,missing,unclassified,missing,unclassified,missing,unclassified,missing,unclassified,missing,unclassified,missing,unclassified,missing,unclassified,missing,unclassified
2d5cb6fbe300bc5017bf96f275693e00,771,zamia_20k_20220209_sirius_771,missing,missing,unclassified,missing,unclassified,missing,unclassified,missing,unclassified,missing,unclassified,missing,unclassified,missing,unclassified,missing,unclassified,missing,unclassified
616d59624eba100438a6633409dcce4f,779,755_zamia_20k_20220209_sirius_779,C17H32N4O6,[M + K]+,Alkaloids,0.37938264,Ornithine alkaloids,0.20691818,Dipeptides,0.116431907,Alpha amino acids and derivatives,0.813260913,Amino acids and derivatives,0.935903609,"Amino acids, peptides, and analogues",0.932976663,Carboxylic acids and derivatives,0.84519875,Organic acids and derivatives,0.862564504,"Organic compounds; Organoheterocyclic compounds; Carbohydrates and carbohydrate conjugates; Lipids and lipid-like molecules; Amino acids, peptides, and analogues; Alpha amino acids and derivatives; Triazines; Alcohols and polyols; Organic acids and derivatives; Carboxylic acids and derivatives; Organonitrogen compounds; Organooxygen compounds; Fatty acid esters; Amino acids and derivatives; Monoalkylamines; Carboxylic acid amides; Carboxylic acid derivatives; Carboxylic acid esters; Monosaccharides; Secondary alcohols; Secondary carboxylic acid amides; Aminotriazines; Carbonyl compounds; Amines; Primary amines; Fatty Acyls; Organic oxides; 1,3,5-triazines; Azacyclic compounds; Oxacyclic compounds; Heteroaromatic compounds; Hydrocarbon derivatives; Organopnictogen compounds; Organic oxygen compounds; Organic nitrogen compounds; Chemical entities"
f32b20f6565b223770d9915bd3e4797d,810,786_zamia_20k_20220209_sirius_810,C29H48O2,[M + H]+,Terpenoids,0.99974376,Meroterpenoids,0.999706924,Prenyl quinone meroterpenoids,1,Tocopherols,0.698832035,Vitamin E compounds,0.999988914,Quinone and hydroquinone lipids,0.999951243,Prenol lipids,0.99917233,Lipids and lipid-like molecules,0.99764663,Organic compounds; Organoheterocyclic compounds; Lipids and lipid-like molecules; Benzopyrans; Alkyl aryl ethers; Tocopherols; Ethers; Prenol lipids; Organooxygen compounds; Quinone and hydroquinone lipids; Vitamin E compounds; Diterpenoids; Benzenoids; 1-benzopyrans; Oxacyclic compounds; Hydrocarbon derivatives; Organic oxygen compounds; Chemical entities
2812029beb9454cb9ccf9263a451c034,816,791_zamia_20k_20220209_sirius_816,C14H30N2O5S2,[M + H]+,Alkaloids,0.770565391,Ornithine alkaloids,0.142085075,N-acyl amines,0.086446047,Alpha amino acids,0.556044877,Amino acids and derivatives,0.611178279,"Amino acids, peptides, and analogues",0.621645749,Carboxylic acids and derivatives,0.942811072,Organic acids and derivatives,0.997647941,"Organic compounds; Organosulfur compounds; Lipids and lipid-like molecules; Amino acids, peptides, and analogues; Fatty acids and conjugates; Organic acids and derivatives; Carboxylic acids and derivatives; Organonitrogen compounds; Organooxygen compounds; Amino acids and derivatives; Sulfonyls; Thioethers; Carboxylic acids; Thia fatty acids; Carbonyl compounds; Alpha amino acids; Amines; Fatty Acyls; Organic oxides; Hydrocarbon derivatives; Amino acids; Organopnictogen compounds; Organic oxygen compounds; Organic nitrogen compounds; Chemical entities"
fefc6f52565e8c9e314865480c6c8603,818,792_zamia_20k_20220209_sirius_818,C24H25O13P,[M + H]+,Shikimates and Phenylpropanoids,0.981028616,Flavonoids,0.866014779,Flavones,0.857850373,Flavonoid O-glycosides,0.78387481,Flavonoid O-glycosides,0.78387481,Flavonoid glycosides,0.858027339,Flavonoids,0.914990306,Phenylpropanoids and polyketides,0.970696867,Organic compounds; Organoheterocyclic compounds; Carbohydrates and carbohydrate conjugates; Pyrans; Benzopyrans; Alcohols and polyols; Phenols; Chromones; Ethers; Phenylpropanoids and polyketides; Organic acids and derivatives; Carboxylic acids and derivatives; Organooxygen compounds; Flavonoids; Organic carbonic acids and derivatives; Organic phosphoric acids and derivatives; Phosphate esters; Pyranones and derivatives; Carboxylic acid derivatives; Flavonoid glycosides; Monocarboxylic acids and derivatives; Carboxylic acid esters; Monosaccharides; Flavonoid O-glycosides; Flavones; Acetals; Secondary alcohols; Carbonyl compounds; Oxanes; Glycosyl compounds; O-glycosyl compounds; Benzene and substituted derivatives; Polyols; Benzenoids; 4'-hydroxyflavonoids; Hydroxyflavonoids; 5-hydroxyflavonoids; 7-hydroxyflavonoids; 1-benzopyrans; Vinylogous acids; Organic oxides; Oxacyclic compounds; Heteroaromatic compounds; Hydrocarbon derivatives; Phenolic glycosides; Organic oxygen compounds; 1-hydroxy-2-unsubstituted benzenoids; 1-hydroxy-4-unsubstituted benzenoids; Chemical entities
ef22dfce4fd7293e80b4dcc61b43adb4,820,793_zamia_20k_20220209_sirius_820,C32H22O10,[M + H]+,Shikimates and Phenylpropanoids,0.999622226,Flavonoids,0.999533296,Flavones,0.999659777,6-O-methylated flavonoids,0.514730632,6-O-methylated flavonoids,0.514730632,O-methylated flavonoids,0.988366783,Flavonoids,0.999403477,Phenylpropanoids and polyketides,0.999392867,Organic compounds; Organoheterocyclic compounds; Pyrans; Benzopyrans; Alkyl aryl ethers; Phenols; Anisoles; Chromones; Ethers; Phenylpropanoids and polyketides; Organic acids and derivatives; Organooxygen compounds; Flavonoids; Pyranones and derivatives; Flavones; Benzene and substituted derivatives; Phenol ethers; Benzenoids; Diarylethers; O-methylated flavonoids; 6-O-methylated flavonoids; 4'-O-methylated flavonoids; 4'-hydroxyflavonoids; Hydroxyflavonoids; 5-hydroxyflavonoids; 7-hydroxyflavonoids; 1-benzopyrans; Vinylogous acids; Organic oxides; Oxacyclic compounds; Heteroaromatic compounds; Hydrocarbon derivatives; Organic oxygen compounds; 1-hydroxy-2-unsubstituted benzenoids; 1-hydroxy-4-unsubstituted benzenoids; Phenoxy compounds; Chemical entities
1a15c5d50f541d6875e61552473e11d2,821,794_zamia_20k_20220209_sirius_821,C32H22O10,[M + H]+,Shikimates and Phenylpropanoids,0.999752939,Flavonoids,0.999759495,Flavones,0.999913454,Biflavonoids and polyflavonoids,0.576038718,,,Biflavonoids and polyflavonoids,0.576038718,Flavonoids,0.999504924,Phenylpropanoids and polyketides,0.999474347,Organic compounds; Organoheterocyclic compounds; Pyrans; Benzopyrans; Alkyl aryl ethers; Phenols; Anisoles; Chromones; Ethers; Phenylpropanoids and polyketides; Organic acids and derivatives; Organooxygen compounds; Flavonoids; Pyranones and derivatives; Biflavonoids and polyflavonoids; Flavones; Benzene and substituted derivatives; Phenol ethers; Benzenoids; Diarylethers; O-methylated flavonoids; 4'-O-methylated flavonoids; 4'-hydroxyflavonoids; Hydroxyflavonoids; 5-hydroxyflavonoids; 7-hydroxyflavonoids; 1-benzopyrans; Vinylogous acids; Organic oxides; Oxacyclic compounds; Heteroaromatic compounds; Hydrocarbon derivatives; Organic oxygen compounds; 1-hydroxy-2-unsubstituted benzenoids; 1-hydroxy-4-unsubstituted benzenoids; Phenoxy compounds; Chemical entities
647217a4bf742c4e9f86a122c4dfc0a5,823,796_zamia_20k_20220209_sirius_823,C10H13NO2,[M + H]+,Alkaloids,0.999998808,Tyrosine alkaloids,0.9991346,Isoquinoline alkaloids,0.938658297,Tetrahydroisoquinolines,0.983874083,,,,,Tetrahydroisoquinolines,0.983874083,Organoheterocyclic compounds,0.999999881,Organic compounds; Organoheterocyclic compounds; Phenols; Organonitrogen compounds; Organooxygen compounds; Dialkylamines; Benzenoids; Amines; Secondary amines; Tetrahydroisoquinolines; Aralkylamines; Azacyclic compounds; Hydrocarbon derivatives; Organopnictogen compounds; Organic oxygen compounds; 1-hydroxy-2-unsubstituted benzenoids; Organic nitrogen compounds; Chemical entities
4f526e45b1c0718f248a254c1d8fa0cb,828,801_zamia_20k_20220209_sirius_828,C7H16N3O6S,[M + Na]+,Amino acids and Peptides,0.936903954,Small peptides,0.940627575,Aminoacids,0.479939997,Alpha amino acids,0.82656157,Amino acids and derivatives,0.878783286,"Amino acids, peptides, and analogues",0.869674921,Carboxylic acids and derivatives,0.525592208,Organic acids and derivatives,0.999955535,"Organic compounds; Organosulfur compounds; Lipids and lipid-like molecules; Amino acids, peptides, and analogues; Alpha amino acids and derivatives; Alcohols and polyols; Fatty acids and conjugates; Organic acids and derivatives; Carboxylic acids and derivatives; Organonitrogen compounds; Organooxygen compounds; Amino acids and derivatives; Monoalkylamines; Carboxylic acids; Carbonyl compounds; Alpha amino acids; Amines; Primary amines; Alkanesulfonic acids and derivatives; Fatty Acyls; Organic oxides; Hydrocarbon derivatives; Amino acids; Organopnictogen compounds; Organic oxygen compounds; Organic nitrogen compounds; Chemical entities"
b34da0a7b9e364f783d97761a5018dfc,832,805_zamia_20k_20220209_sirius_832,C13H12O3,[M + H]+,Shikimates and Phenylpropanoids,0.826365471,Lignans,0.221454784,Arylnaphthalene and aryltetralin lignans,0.085858956,Benzodioxoles,0.774645507,,,,,Benzodioxoles,0.774645507,Organoheterocyclic compounds,0.998728693,Organic compounds; Organoheterocyclic compounds; Aldehydes; Alkyl aryl ethers; Ethers; Benzodioxoles; Organooxygen compounds; Acetals; Carbonyl compounds; Benzenoids; Organic oxides; Oxacyclic compounds; Hydrocarbon derivatives; Organic oxygen compounds; Chemical entities
d760cfb42c4ea99820e7e07092851e91,834,807_zamia_20k_20220209_sirius_834,C10H10O2,[M + H]+,Polyketides,0.703705311,Cyclic polyketides,0.399313688,Furans,0.173365489,Carbonyl compounds,0.644407272,,,Carbonyl compounds,0.644407272,Organooxygen compounds,0.999997973,Organic oxygen compounds,1,Organic compounds; Organooxygen compounds; Carbonyl compounds; Organic oxides; Hydrocarbon derivatives; Organic oxygen compounds; Chemical entities
7e272605a7e86fdafc06a73fcf81b5cb,850,823_zamia_20k_20220209_sirius_850,C25H22O3,[M + H]+,Shikimates and Phenylpropanoids,0.972527385,Stilbenoids,0.889491916,Oligomeric stibenes,0.309089899,Stilbenes,0.658106267,,,,,Stilbenes,0.658106267,Phenylpropanoids and polyketides,0.681210458,Organic compounds; Alkyl aryl ethers; Phenols; Anisoles; Stilbenes; Ethers; Phenylpropanoids and polyketides; Organooxygen compounds; Benzene and substituted derivatives; Phenol ethers; Benzenoids; Methoxybenzenes; Hydrocarbon derivatives; Organic oxygen compounds; 1-hydroxy-2-unsubstituted benzenoids; Phenoxy compounds; Chemical entities
66c015f8832e1af6737228845255f541,867,840_zamia_20k_20220209_sirius_867,C30H24O12,[M + H]+,Shikimates and Phenylpropanoids,0.996443808,Flavonoids,0.995722413,Proanthocyanins,0.975943387,Biflavonoids and polyflavonoids,0.865098894,,,Biflavonoids and polyflavonoids,0.865098894,Flavonoids,0.999917865,Phenylpropanoids and polyketides,0.999421835,Organic compounds; Organoheterocyclic compounds; Benzopyrans; Alkyl aryl ethers; Alcohols and polyols; Phenols; Catechols; Tannins; Ethers; Phenylpropanoids and polyketides; Organooxygen compounds; Flavonoids; Flavans; Proanthocyanidins; Benzenediols; Catechins; Biflavonoids and polyflavonoids; Acetals; Secondary alcohols; Benzene and substituted derivatives; Polyols; Benzenoids; 3-hydroxyflavonoids; 3'-hydroxyflavonoids; 4'-hydroxyflavonoids; Hydroxyflavonoids; 5-hydroxyflavonoids; 7-hydroxyflavonoids; Flavan-3-ols; 1-benzopyrans; Pyranoflavonoids; Pyranochromenes; Oxacyclic compounds; Hydrocarbon derivatives; Ketals; Organic oxygen compounds; 1-hydroxy-2-unsubstituted benzenoids; 1-hydroxy-4-unsubstituted benzenoids; A-type proanthocyanidins; Chemical entities
9e74b185cd9f669ee168278eac3df7dd,901,873_zamia_20k_20220209_sirius_901,C13H22O3,[M + Na]+,Fatty acids,0.916815102,Fatty Acids and Conjugates,0.578537524,Open-chain polyketides,0.274438739,Medium-chain fatty acids,0.577256799,Medium-chain fatty acids,0.577256799,Fatty acids and conjugates,0.723517835,Fatty Acyls,0.884398937,Lipids and lipid-like molecules,0.94082284,Organic compounds; Lipids and lipid-like molecules; Alcohols and polyols; Fatty acids and conjugates; Organic acids and derivatives; Carboxylic acids and derivatives; Organooxygen compounds; Monocarboxylic acids and derivatives; Carboxylic acids; Carbonyl compounds; Benzene and substituted derivatives; Benzenoids; Medium-chain fatty acids; Fatty Acyls; Organic oxides; Hydrocarbon derivatives; Organic oxygen compounds; Chemical entities
3e93b22995c4c165a44d540ce776911a,925,897_zamia_20k_20220209_sirius_925,C35H62O5,[M + Na]+,Fatty acids,0.999830365,Glycerolipids,0.999730885,Diacylglycerols,0.999604166,Lineolic acids and derivatives,0.636190414,,,Lineolic acids and derivatives,0.636190414,Fatty Acyls,0.999927402,Lipids and lipid-like molecules,0.999788463,"Organic compounds; Lipids and lipid-like molecules; Alcohols and polyols; Glycerolipids; Organic acids and derivatives; Carboxylic acids and derivatives; Primary alcohols; Organooxygen compounds; Fatty acid esters; Dicarboxylic acids and derivatives; Lineolic acids and derivatives; Carboxylic acid derivatives; Diacylglycerols; Carboxylic acid esters; 1,2-diacylglycerols; Carbonyl compounds; Diradylglycerols; Fatty Acyls; Organic oxides; Hydrocarbon derivatives; Organic oxygen compounds; Chemical entities"
e64dddc6c6763a570a6a80cfa36f21c0,937,909_zamia_20k_20220209_sirius_937,C39H62O4,[M + H]+,Fatty acids,0.985794127,Glycerolipids,0.887458444,Diacylglycerols,0.893851519,Lineolic acids and derivatives,0.628316164,,,Lineolic acids and derivatives,0.628316164,Fatty Acyls,0.94944793,Lipids and lipid-like molecules,0.989575207,"Organic compounds; Lipids and lipid-like molecules; Glycerolipids; Organic acids and derivatives; Carboxylic acids and derivatives; Organooxygen compounds; Fatty acid esters; Dicarboxylic acids and derivatives; Lineolic acids and derivatives; Carboxylic acid derivatives; Diacylglycerols; Carboxylic acid esters; 1,2-diacylglycerols; Carbonyl compounds; Diradylglycerols; Fatty Acyls; Organic oxides; Hydrocarbon derivatives; Organic oxygen compounds; Chemical entities"
2824b94bada02c40d0843ddf78d4daeb,976,948_zamia_20k_20220209_sirius_976,C35H66O5,[M + Na]+,Fatty acids,0.999964833,Glycerolipids,0.999104321,Diacylglycerols,0.999696732,"1,2-diacylglycerols",0.999732077,Diacylglycerols,0.998836219,Diradylglycerols,0.999577582,Glycerolipids,0.999616385,Lipids and lipid-like molecules,0.998888552,"Organic compounds; Lipids and lipid-like molecules; Alcohols and polyols; Glycerolipids; Organic acids and derivatives; Carboxylic acids and derivatives; Primary alcohols; Organooxygen compounds; Fatty acid esters; Dicarboxylic acids and derivatives; Carboxylic acid derivatives; Diacylglycerols; Carboxylic acid esters; 1,2-diacylglycerols; Carbonyl compounds; Diradylglycerols; Fatty Acyls; Organic oxides; Hydrocarbon derivatives; Organic oxygen compounds; Chemical entities"
e2ce0b432a5c580c7f70bacee3db287c,1005,977_zamia_20k_20220209_sirius_1005,C37H64O4,[M + H]+,Fatty acids,0.999856591,Glycerolipids,0.993867338,Diacylglycerols,0.997500241,"1,2-diacylglycerols",0.998593509,Diacylglycerols,0.995138526,Diradylglycerols,0.99830097,Glycerolipids,0.998423219,Lipids and lipid-like molecules,0.999585807,"Organic compounds; Lipids and lipid-like molecules; Alcohols and polyols; Glycerolipids; Organic acids and derivatives; Carboxylic acids and derivatives; Primary alcohols; Organooxygen compounds; Fatty acid esters; Dicarboxylic acids and derivatives; Carboxylic acid derivatives; Diacylglycerols; Carboxylic acid esters; 1,2-diacylglycerols; Carbonyl compounds; Diradylglycerols; Fatty Acyls; Organic oxides; Hydrocarbon derivatives; Organic oxygen compounds; Chemical entities"
0ce88c76bd0b76dbd970418015092613,1017,989_zamia_20k_20220209_sirius_1017,C37H66O4,[M + H]+,Fatty acids,0.999179065,Glycerolipids,0.984914005,Diacylglycerols,0.990832746,Lineolic acids and derivatives,0.50019753,,,Lineolic acids and derivatives,0.50019753,Fatty Acyls,0.998937309,Lipids and lipid-like molecules,0.999149203,"Organic compounds; Lipids and lipid-like molecules; Alcohols and polyols; Glycerolipids; Organic acids and derivatives; Carboxylic acids and derivatives; Primary alcohols; Organooxygen compounds; Fatty acid esters; Dicarboxylic acids and derivatives; Lineolic acids and derivatives; Carboxylic acid derivatives; Diacylglycerols; Carboxylic acid esters; 1,2-diacylglycerols; Carbonyl compounds; Diradylglycerols; Fatty Acyls; Organic oxides; Hydrocarbon derivatives; Organic oxygen compounds; Chemical entities"
62e477e54992337356a3fc62bde0362e,1027,999_zamia_20k_20220209_sirius_1027,C10H13NO8,[M + H]+,Amino acids and Peptides,0.679705977,Small peptides,0.971968591,Dipeptides,0.920630276,N-acyl-alpha amino acids,0.798602164,Amino acids and derivatives,0.994886458,"Amino acids, peptides, and analogues",0.994459152,Carboxylic acids and derivatives,0.999987841,Organic acids and derivatives,0.999999762,"Organic compounds; Amino acids, peptides, and analogues; Alpha amino acids and derivatives; Organic acids and derivatives; Carboxylic acids and derivatives; Organonitrogen compounds; Organooxygen compounds; Amino acids and derivatives; Carboxylic acid derivatives; N-acyl-alpha amino acids and derivatives; Carboxylic acids; Secondary carboxylic acid amides; Carbonyl compounds; Tricarboxylic acids and derivatives; N-acyl-alpha amino acids; Organic oxides; Hydrocarbon derivatives; Glutamic acid and derivatives; Organopnictogen compounds; Organic oxygen compounds; Organic nitrogen compounds; Chemical entities"
5fadebca47a4fc24f721350185afb5ae,1065,1034_zamia_20k_20220209_sirius_1065,C34H40O9,[M + H]+,Terpenoids,0.754297554,Triterpenoids,0.317187637,Limonoids,0.218797043,Steroid esters,0.645820498,,,Steroid esters,0.645820498,Steroids and steroid derivatives,0.875073373,Lipids and lipid-like molecules,0.820419014,Organic compounds; Organoheterocyclic compounds; Lipids and lipid-like molecules; Ketones; Ethers; Steroids and steroid derivatives; Organic acids and derivatives; Carboxylic acids and derivatives; Organooxygen compounds; Dicarboxylic acids and derivatives; Carboxylic acid derivatives; Carboxylic acid esters; Steroid esters; Carbonyl compounds; Benzenoids; Methyl esters; Organic oxides; Oxacyclic compounds; Hydrocarbon derivatives; Cyclohexenones; Organic oxygen compounds; Chemical entities
7824f65330b50d388d90f7a898719973,1234,1193_zamia_20k_20220209_sirius_1234,C27H51NO6,[M + H]+,Fatty acids,0.707620442,Fatty amides,0.597687364,Cholane steroids,0.334863067,N-acyl amines,0.625676155,N-acyl amines,0.625676155,Fatty amides,0.54211241,Fatty Acyls,0.621830642,Lipids and lipid-like molecules,0.795511723,Organic compounds; Organoheterocyclic compounds; Lipids and lipid-like molecules; Ethers; Organic acids and derivatives; Carboxylic acids and derivatives; Organonitrogen compounds; Organooxygen compounds; Fatty amides; Dicarboxylic acids and derivatives; Carboxylic acid amides; Carboxylic acid derivatives; N-acyl amines; Carboxylic acid esters; Secondary carboxylic acid amides; Carbonyl compounds; Trialkylamines; Amines; Fatty Acyls; Organic oxides; Oxacyclic compounds; Hydrocarbon derivatives; Organopnictogen compounds; Organic oxygen compounds; Organic nitrogen compounds; Chemical entities
46b6136d814b1be54643932f67ab2e85,1237,1196_zamia_20k_20220209_sirius_1237,C15H28N6O7,[M + Na]+,Amino acids and Peptides,0.661664128,Small peptides,0.849267483,Tripeptides,0.383231044,Peptides,0.771236598,Peptides,0.771236598,"Amino acids, peptides, and analogues",0.951008022,Carboxylic acids and derivatives,0.86886692,Organic acids and derivatives,0.935592055,"Organic compounds; Lipids and lipid-like molecules; Amino acids, peptides, and analogues; Alpha amino acids and derivatives; Alcohols and polyols; Organic acids and derivatives; Carboxylic acids and derivatives; Organonitrogen compounds; Organooxygen compounds; Amino acids and derivatives; Peptides; Monoalkylamines; Carboxylic acid amides; Carboxylic acid derivatives; N-acyl-alpha amino acids and derivatives; Secondary alcohols; Secondary carboxylic acid amides; Carbonyl compounds; Amines; Primary amines; Fatty Acyls; Organic oxides; Hydrocarbon derivatives; Organopnictogen compounds; Organic oxygen compounds; Organic nitrogen compounds; Chemical entities"
a0e1038d4091051727e4621c65a9ea3f,1240,1199_zamia_20k_20220209_sirius_1240,C25H47NO5,[M + H]+,Fatty acids,0.96277827,Fatty esters,0.552330315,Fatty acyl carnitines,0.730152667,Amino acids and derivatives,0.77994442,Amino acids and derivatives,0.77994442,"Amino acids, peptides, and analogues",0.780177176,Carboxylic acids and derivatives,0.989032865,Organic acids and derivatives,0.984540284,"Organic compounds; Lipids and lipid-like molecules; Amino acids, peptides, and analogues; Organic acids and derivatives; Carboxylic acids and derivatives; Organonitrogen compounds; Organooxygen compounds; Fatty acid esters; Dicarboxylic acids and derivatives; Amino acids and derivatives; Carboxylic acid derivatives; Carboxylic acid salts; Carboxylic acids; Carboxylic acid esters; Secondary alcohols; Carbonyl compounds; Amines; Fatty Acyls; Organic oxides; Hydrocarbon derivatives; Organopnictogen compounds; Organic oxygen compounds; Organic nitrogen compounds; Chemical entities"
9a26818563b87819f89b15c92bd94ad7,1247,1206_zamia_20k_20220209_sirius_1247,C8H16N2O7,[M + Na]+,Amino acids and Peptides,0.622429848,Small peptides,0.332554221,Aminoacids,0.248770967,Glutamic acid and derivatives,0.517945945,Amino acids and derivatives,0.988102496,"Amino acids, peptides, and analogues",0.988449156,Carboxylic acids and derivatives,0.998395026,Organic acids and derivatives,0.99995482,"Organic compounds; Lipids and lipid-like molecules; Amino acids, peptides, and analogues; Alpha amino acids and derivatives; Fatty acids and conjugates; Organic acids and derivatives; Carboxylic acids and derivatives; Organonitrogen compounds; Organooxygen compounds; Hydroxy fatty acids; Dicarboxylic acids and derivatives; Amino acids and derivatives; Monoalkylamines; Nitro fatty acids; Hydroxy acids and derivatives; Amino fatty acids; Organic nitro compounds; Carboxylic acids; Organic oxoazanium compounds; Carbonyl compounds; Amines; Primary amines; Alkanolamines; Organic 1,3-dipolar compounds; Allyl-type 1,3-dipolar organic compounds; Fatty Acyls; Organic oxides; C-nitro compounds; Hydrocarbon derivatives; Amino acids; Glutamic acid and derivatives; Organopnictogen compounds; Organic oxygen compounds; Organic nitrogen compounds; Chemical entities"
7d9c3f8b634f365abd61876920cde1a0,1255,1214_zamia_20k_20220209_sirius_1255,C11H20N4O6,[M + H]+,Amino acids and Peptides,0.957723022,Small peptides,0.992254734,Tripeptides,0.22994417,Amino acids and derivatives,0.806165159,Amino acids and derivatives,0.806165159,"Amino acids, peptides, and analogues",0.804347217,Carboxylic acids and derivatives,0.999288559,Organic acids and derivatives,0.999959707,"Organic compounds; Lipids and lipid-like molecules; Amino acids, peptides, and analogues; Ethers; Fatty acids and conjugates; Organic acids and derivatives; Carboxylic acids and derivatives; Organonitrogen compounds; Organooxygen compounds; Branched fatty acids; Dicarboxylic acids and derivatives; Amino acids and derivatives; Guanidines; Carboxylic acid amides; Carboxylic acids; Secondary carboxylic acid amides; Carbonyl compounds; Carboximidamides; Organic 1,3-dipolar compounds; Propargyl-type 1,3-dipolar organic compounds; Fatty Acyls; Organic oxides; Hydrocarbon derivatives; Organopnictogen compounds; Organic oxygen compounds; Organic nitrogen compounds; Chemical entities"
42b4359e5aaa59f15230fc40f6e5c39c,1270,1227_zamia_20k_20220209_sirius_1270,C27H44N6O7,[M + H]+,Fatty acids,0.594171703,Sphingolipids,0.48747018,Ceramides,0.083095767,Amino acids and derivatives,0.603603721,Amino acids and derivatives,0.603603721,"Amino acids, peptides, and analogues",0.599671483,Carboxylic acids and derivatives,0.87510401,Organic acids and derivatives,0.972041368,"Organic compounds; Organoheterocyclic compounds; Lipids and lipid-like molecules; Amino acids, peptides, and analogues; Alcohols and polyols; Ethers; Organic acids and derivatives; Carboxylic acids and derivatives; Organonitrogen compounds; Primary alcohols; Organooxygen compounds; Fatty amides; Amino acids and derivatives; Azoles; Monoalkylamines; Carboxylic acid amides; Carboxylic acid derivatives; N-acyl amines; Secondary carboxylic acid amides; Oxadiazoles; Carbonyl compounds; Benzoxadiazoles; Furazans; Amines; Primary amines; Organic 1,3-dipolar compounds; Allyl-type 1,3-dipolar organic compounds; Fatty Acyls; Organic oxides; Azacyclic compounds; Oxacyclic compounds; Heteroaromatic compounds; Hydrocarbon derivatives; Organopnictogen compounds; Organic oxygen compounds; Organic nitrogen compounds; Chemical entities"
b8a22635ffdc26993cb451100260a781,1277,1234_zamia_20k_20220209_sirius_1277,C27H46N6O6,[M + H]+,Amino acids and Peptides,0.837759793,Oligopeptides,0.13522251,Lipopeptides,0.27017048,Alpha amino acids and derivatives,0.660048425,Amino acids and derivatives,0.851641238,"Amino acids, peptides, and analogues",0.88041532,Carboxylic acids and derivatives,0.992216587,Organic acids and derivatives,0.990425289,"Organic compounds; Organoheterocyclic compounds; Lipids and lipid-like molecules; Amino acids, peptides, and analogues; Alpha amino acids and derivatives; Alcohols and polyols; Organic acids and derivatives; Carboxylic acids and derivatives; Organonitrogen compounds; Primary alcohols; Organooxygen compounds; Fatty amides; Amino acids and derivatives; Azoles; Carboxylic acid amides; Carboxylic acid derivatives; Carboxylic acid esters; Secondary carboxylic acid amides; Carbonyl compounds; Amines; Fatty Acyls; Organic oxides; Azacyclic compounds; Oxacyclic compounds; Heteroaromatic compounds; Hydrocarbon derivatives; Organopnictogen compounds; Organic oxygen compounds; Organic nitrogen compounds; Chemical entities"
a4e6ef9ce7de7e908b7cc326e94c455e,1280,1237_zamia_20k_20220209_sirius_1280,C27H44N6O7,[M + H]+,Alkaloids,0.558230162,Sphingolipids,0.126939818,Ceramides,0.09272819,Amino acids and derivatives,0.897787273,Amino acids and derivatives,0.897787273,"Amino acids, peptides, and analogues",0.894955933,Carboxylic acids and derivatives,0.979767084,Organic acids and derivatives,0.992503285,"Organic compounds; Organoheterocyclic compounds; Lipids and lipid-like molecules; Amino acids, peptides, and analogues; Alcohols and polyols; Organic acids and derivatives; Carboxylic acids and derivatives; Organonitrogen compounds; Primary alcohols; Organooxygen compounds; Fatty amides; Amino acids and derivatives; Azoles; Monoalkylamines; Carboxylic acid amides; Carboxylic acid derivatives; N-acyl amines; Organic nitro compounds; Organic oxoazanium compounds; Secondary carboxylic acid amides; Oxadiazoles; Carbonyl compounds; Benzoxadiazoles; Furazans; Amines; Primary amines; Organic 1,3-dipolar compounds; Allyl-type 1,3-dipolar organic compounds; Fatty Acyls; Organic oxides; Azacyclic compounds; Oxacyclic compounds; Heteroaromatic compounds; Hydrocarbon derivatives; Organopnictogen compounds; Organic oxygen compounds; Organic nitrogen compounds; Chemical entities"
24d948cf578fa44e6ab0563e0ec91786,1291,1247_zamia_20k_20220209_sirius_1291,C27H46N6O6,[M + H]+,Amino acids and Peptides,0.739162683,Fatty amides,0.643156409,N-acyl amines,0.727989197,Alpha amino acids and derivatives,0.787825227,Amino acids and derivatives,0.857202888,"Amino acids, peptides, and analogues",0.869987845,Carboxylic acids and derivatives,0.979930878,Organic acids and derivatives,0.971256793,"Organic compounds; Organoheterocyclic compounds; Lipids and lipid-like molecules; Amino acids, peptides, and analogues; Alpha amino acids and derivatives; Organic acids and derivatives; Carboxylic acids and derivatives; Organonitrogen compounds; Organooxygen compounds; Fatty amides; Amino acids and derivatives; Carboxylic acid amides; Carboxylic acid derivatives; Monocarboxylic acids and derivatives; Secondary carboxylic acid amides; Carbonyl compounds; Organic 1,3-dipolar compounds; Propargyl-type 1,3-dipolar organic compounds; Fatty Acyls; Organic oxides; Azacyclic compounds; Hydrocarbon derivatives; Organopnictogen compounds; Organic oxygen compounds; Organic nitrogen compounds; Chemical entities"
2c0a7d6dbe47ea58265e87b5565c7d98,1292,1248_zamia_20k_20220209_sirius_1292,C21H43N7O3,[M + H]+,Alkaloids,0.712815344,Ornithine alkaloids,0.319848895,Polyamines,0.042798717,N-acyl amines,0.910539567,N-acyl amines,0.910539567,Fatty amides,0.731304228,Fatty Acyls,0.801466584,Lipids and lipid-like molecules,0.624663115,Organic compounds; Lipids and lipid-like molecules; Alcohols and polyols; Organonitrogen compounds; Primary alcohols; Organooxygen compounds; Fatty amides; Guanidines; Monoalkylamines; Carboxylic acid amides; N-acyl amines; Secondary carboxylic acid amides; Amines; Primary amines; Fatty Acyls; Hydrocarbon derivatives; Organopnictogen compounds; Organic oxygen compounds; Organic nitrogen compounds; Chemical entities
bec9670f4948e0a1475e0381615dba6d,1318,zamia_20k_20220209_sirius_1318,missing,missing,unclassified,missing,unclassified,missing,unclassified,missing,unclassified,missing,unclassified,missing,unclassified,missing,unclassified,missing,unclassified,missing,unclassified